{
	"format_version": "1.8.0",
	"animations": {
		"animation.shattered.idle": {
			"loop": true,
			"animation_length": 3,
			"bones": {
				"Body": {
					"rotation": {
						"0.0": {
							"vector": [-4.99527, 0.21782, 2.4905]
						},
						"1.4167": {
							"vector": [2.50473, 0.21782, 2.4905]
						},
						"1.5833": {
							"vector": [2.50473, 0.21782, 2.4905]
						},
						"3.0": {
							"vector": [-4.99527, 0.21782, 2.4905]
						}
					}
				},
				"RightLeg": {
					"rotation": {
						"0.0": {
							"vector": [2.5, 0, 2.5]
						},
						"3.0": {
							"vector": [2.5, 0, 2.5]
						}
					}
				},
				"LeftLeg": {
					"rotation": {
						"0.0": {
							"vector": [-2.5, 0, -2.5]
						},
						"3.0": {
							"vector": [-2.5, 0, -2.5]
						}
					}
				},
				"Head": {
					"rotation": {
						"0.0": {
							"vector": [9.96271, -0.86717, 4.92442]
						},
						"0.5": {
							"vector": [11.74559, -0.58642, 3.32905]
						},
						"1.4167": {
							"vector": [14.91255, -1.51169, 7.34044]
						},
						"1.5833": {
							"vector": [14.91255, -1.51169, 7.34044]
						},
						"2.25": {
							"vector": [12.63958, -0.11603, 1.32384]
						},
						"3.0": {
							"vector": [9.96271, -0.86717, 4.92442]
						}
					}
				},
				"RightArm": {
					"rotation": {
						"0.0": {
							"vector": [5, 0, 0]
						},
						"0.6667": {
							"vector": [2.6446, -0.11542, 2.49734]
						},
						"1.4167": {
							"vector": [0, 0, 0]
						},
						"1.5833": {
							"vector": [0, 0, 0]
						},
						"2.4167": {
							"vector": [2.93843, -0.12824, 2.49671]
						},
						"3.0": {
							"vector": [5, 0, 0]
						}
					}
				},
				"LeftArm": {
					"rotation": {
						"0.0": {
							"vector": [4.99527, 0.21782, -2.4905]
						},
						"0.6667": {
							"vector": [2.65131, -0.01323, 2.50417]
						},
						"1.4167": {
							"vector": [-0.00473, 0.21782, -2.4905]
						},
						"1.5833": {
							"vector": [-0.00473, 0.21782, -2.4905]
						},
						"2.4167": {
							"vector": [2.88302, 0.59909, -9.98101]
						},
						"3.0": {
							"vector": [4.99527, 0.21782, -2.4905]
						}
					}
				}
			}
		},
		"animation.shattered.walk": {
			"loop": true,
			"animation_length": 1.5,
			"bones": {
				"Shattered": {
					"position": {
						"0.0": {
							"vector": [0, 0, 0]
						},
						"0.75": {
							"vector": [0, -1, 0]
						},
						"1.5": {
							"vector": [0, 0, 0]
						}
					}
				},
				"Body": {
					"rotation": {
						"0.0": {
							"vector": [5, 0, 0]
						},
						"0.375": {
							"vector": [1.19429, -1.30333, 2.50005]
						},
						"0.75": {
							"vector": [-2.5, -2.5, 0]
						},
						"1.125": {
							"vector": [1.30333, -1.19429, -2.49995]
						},
						"1.5": {
							"vector": [5, 0, 0]
						}
					},
					"position": {
						"vector": [0, 0, 0]
					}
				},
				"Head": {
					"rotation": {
						"0.0": {
							"vector": [15, 0, 0]
						},
						"0.375": {
							"vector": [7.5, 0, 0]
						},
						"0.75": {
							"vector": [10, 0, 0]
						},
						"1.125": {
							"vector": [7.5, 0, 0]
						},
						"1.5": {
							"vector": [15, 0, 0]
						}
					}
				},
				"RightArm": {
					"rotation": {
						"0.0": {
							"vector": [10, 0, 0]
						},
						"0.75": {
							"vector": [-5, 0, 0]
						},
						"1.5": {
							"vector": [10, 0, 0]
						}
					}
				},
				"LeftArm": {
					"rotation": {
						"0.0": {
							"vector": [-7.5, 0, 0]
						},
						"0.75": {
							"vector": [2.5, 0, 0]
						},
						"1.5": {
							"vector": [-7.5, 0, 0]
						}
					}
				},
				"RightLeg": {
					"rotation": {
						"0.0": {
							"vector": [-20, 0, 0]
						},
						"0.75": {
							"vector": [35, 0, 0]
						},
						"1.5": {
							"vector": [-20, 0, 0]
						}
					},
					"position": {
						"0.0": {
							"vector": [0, 1, 0]
						},
						"0.25": {
							"vector": [0, 0, 0]
						},
						"1.25": {
							"vector": [0, 0, 0]
						},
						"1.5": {
							"vector": [0, 1, 0]
						}
					}
				},
				"LeftLeg": {
					"rotation": {
						"0.0": {
							"vector": [20, 0, 0]
						},
						"0.75": {
							"vector": [-35, 0, 0]
						},
						"1.5": {
							"vector": [20, 0, 0]
						}
					},
					"position": {
						"0.4375": {
							"vector": [0, 0, 0]
						},
						"0.75": {
							"vector": [0, 1, 0]
						},
						"1.25": {
							"vector": [0, 0, 0]
						}
					}
				}
			}
		},
		"animation.shattered.attack": {
			"animation_length": 0.5,
			"bones": {
				"Body": {
					"rotation": {
						"0.0": {
							"vector": [-4.99527, 0.21782, 2.4905]
						},
						"0.0833": {
							"vector": [-14.99527, 0.21782, 2.4905]
						},
						"0.2083": {
							"vector": [12.50473, 0.21782, 2.4905]
						},
						"0.5": {
							"vector": [-4.99527, 0.21782, 2.4905]
						}
					}
				},
				"Head": {
					"rotation": {
						"0.0": {
							"vector": [9.96271, -0.86717, 4.92442]
						},
						"0.0833": {
							"vector": [-7.53729, -0.86717, 4.92442]
						},
						"0.2083": {
							"vector": [-2.53729, -0.86717, 4.92442]
						},
						"0.3333": {
							"vector": [19.427, -0.86717, 4.92442]
						},
						"0.5": {
							"vector": [9.96271, -0.86717, 4.92442]
						}
					}
				},
				"RightArm": {
					"rotation": {
						"0.0": {
							"vector": [5, 0, 0]
						},
						"0.0833": {
							"vector": [24.66569, -4.20854, 9.07947]
						},
						"0.125": {
							"vector": [13.46855, -6.95989, 27.21897]
						},
						"0.2083": {
							"vector": [-55.91372, -5.09731, 31.44295]
						},
						"0.2917": {
							"vector": [-77.9537, -44.74679, 4.31595]
						},
						"0.5": {
							"vector": [5, 0, 0]
						}
					}
				},
				"LeftArm": {
					"rotation": {
						"0.0": {
							"vector": [4.99527, 0.21782, -2.4905]
						},
						"0.0833": {
							"vector": [19.67939, 3.61898, -11.90101]
						},
						"0.125": {
							"vector": [16.55439, 3.61898, -11.90101]
						},
						"0.2083": {
							"vector": [-35.32061, 3.61898, -11.90101]
						},
						"0.2917": {
							"vector": [-12.82061, 3.61898, -11.90101]
						},
						"0.5": {
							"vector": [4.99527, 0.21782, -2.4905]
						}
					}
				},
				"RightLeg": {
					"rotation": {
						"0.0": {
							"vector": [2.5, 0, 2.5]
						},
						"0.5": {
							"vector": [2.5, 0, 2.5]
						}
					},
					"position": {
						"0.0": {
							"vector": [0, 0, 0]
						},
						"0.5": {
							"vector": [0, 0, 0]
						}
					}
				},
				"LeftLeg": {
					"rotation": {
						"0.0": {
							"vector": [-2.5, 0, -2.5]
						},
						"0.5": {
							"vector": [-2.5, 0, -2.5]
						}
					}
				}
			}
		}
	},
	"geckolib_format_version": 2
}