{
	"format_version": "1.8.0",
	"animations": {
		"animation.shattered.idle": {
			"loop": true,
			"animation_length": 3,
			"bones": {
				"Body": {
					"rotation": {
						"0.0": {
							"vector": [-4.99527, 0.21782, 2.4905]
						},
						"1.4167": {
							"vector": [2.50473, 0.21782, 2.4905]
						},
						"1.5833": {
							"vector": [2.50473, 0.21782, 2.4905]
						},
						"3.0": {
							"vector": [-4.99527, 0.21782, 2.4905]
						}
					}
				},
				"RightLeg": {
					"rotation": {
						"0.0": {
							"vector": [2.5, 0, 2.5]
						},
						"3.0": {
							"vector": [2.5, 0, 2.5]
						}
					}
				},
				"LeftLeg": {
					"rotation": {
						"0.0": {
							"vector": [-2.5, 0, -2.5]
						},
						"3.0": {
							"vector": [-2.5, 0, -2.5]
						}
					}
				},
				"Head": {
					"rotation": {
						"0.0": {
							"vector": [9.96271, -0.86717, 4.92442]
						},
						"1.4167": {
							"vector": [14.91255, -1.51169, 7.34044]
						},
						"1.5833": {
							"vector": [14.91255, -1.51169, 7.34044]
						},
						"3.0": {
							"vector": [9.96271, -0.86717, 4.92442]
						}
					}
				},
				"RightArm": {
					"rotation": {
						"0.0": {
							"vector": [5, 0, 0]
						},
						"1.4167": {
							"vector": [0, 0, 0]
						},
						"1.5833": {
							"vector": [0, 0, 0]
						},
						"3.0": {
							"vector": [5, 0, 0]
						}
					}
				},
				"LeftArm": {
					"rotation": {
						"0.0": {
							"vector": [4.99527, 0.21782, -2.4905]
						},
						"1.4167": {
							"vector": [-0.00473, 0.21782, -2.4905]
						},
						"1.5833": {
							"vector": [-0.00473, 0.21782, -2.4905]
						},
						"3.0": {
							"vector": [4.99527, 0.21782, -2.4905]
						}
					}
				}
			}
		},
		"animation.shattered.walk": {
			"loop": true,
			"animation_length": 1,
			"bones": {
				"Shattered": {
					"rotation": {
						"0.0": {
							"vector": [0, 5, 0]
						},
						"0.25": {
							"vector": [0, 0, 0]
						},
						"0.5": {
							"vector": [0, -5, 0]
						},
						"0.75": {
							"vector": [0, 0, 0]
						},
						"1.0": {
							"vector": [0, 5, 0]
						}
					},
					"position": {
						"0.0": {
							"vector": [0, -2, 0]
						},
						"0.25": {
							"vector": [0, 0, 0]
						},
						"0.5": {
							"vector": [0, -2, 0]
						},
						"0.75": {
							"vector": [0, 0, 0]
						},
						"1.0": {
							"vector": [0, -2, 0]
						}
					}
				},
				"Body": {
					"rotation": {
						"0.0": {
							"vector": [15.00473, 0.21782, 2.4905]
						},
						"0.1667": {
							"vector": [5.00473, 0.21782, 2.4905]
						},
						"0.3333": {
							"vector": [6.25473, 0.21782, 2.4905]
						},
						"0.5": {
							"vector": [-7.49527, 0.21782, 2.4905]
						},
						"0.6667": {
							"vector": [7.50473, 0.21782, 2.4905]
						},
						"0.8333": {
							"vector": [6.25473, 0.21782, 2.4905]
						},
						"1.0": {
							"vector": [15.00473, 0.21782, 2.4905]
						}
					}
				},
				"Head": {
					"rotation": {
						"0.0": {
							"vector": [15.02706, 6.51932, 6.2268]
						},
						"0.25": {
							"vector": [2.55189, -0.72615, 4.28413]
						},
						"0.5": {
							"vector": [15.07672, -7.97161, 2.34145]
						},
						"0.75": {
							"vector": [2.55189, -0.72615, 4.28413]
						},
						"1.0": {
							"vector": [15.02706, 6.51932, 6.2268]
						}
					}
				},
				"RightArm": {
					"rotation": {
						"0.0": {
							"vector": [27.5, 0, 0]
						},
						"0.1667": {
							"vector": [12.2127, -2.68507, 12.2127]
						},
						"0.3333": {
							"vector": [-2.58263, -1.45653, 3.6082]
						},
						"0.5": {
							"vector": [-17.5, 0, 0]
						},
						"0.6667": {
							"vector": [-2.4905, -0.21782, -4.99527]
						},
						"0.8333": {
							"vector": [12.3872, -1.72751, 4.82681]
						},
						"1.0": {
							"vector": [27.5, 0, 0]
						}
					}
				},
				"LeftArm": {
					"rotation": {
						"0.0": {
							"vector": [-25.00473, 0.21782, -2.4905]
						},
						"0.1667": {
							"vector": [-14.72611, -2.04295, -19.8472]
						},
						"0.3333": {
							"vector": [1.28141, -1.46444, -6.19831]
						},
						"0.5": {
							"vector": [27.49527, 0.21782, -2.4905]
						},
						"0.6667": {
							"vector": [-2.56053, -1.08213, 4.89635]
						},
						"0.8333": {
							"vector": [-3.76023, -0.59662, -1.29176]
						},
						"1.0": {
							"vector": [-25.00473, 0.21782, -2.4905]
						}
					}
				},
				"RightLeg": {
					"rotation": {
						"0.0": {
							"vector": [-37.5, 0, 2.5]
						},
						"0.125": {
							"vector": [-24.97911, -1.05627, 0.23397]
						},
						"0.25": {
							"vector": [-12.5, 0, 2.5]
						},
						"0.5": {
							"vector": [42.5, 0, 2.5]
						},
						"0.625": {
							"vector": [13.69965, 1.18701, -2.35741]
						},
						"0.75": {
							"vector": [-15, 0, 2.5]
						},
						"0.875": {
							"vector": [-25.90369, 4.4048, 11.4865]
						},
						"1.0": {
							"vector": [-37.5, 0, 2.5]
						}
					}
				},
				"LeftLeg": {
					"rotation": {
						"0.0": {
							"vector": [37.5, 0, -2.5]
						},
						"0.125": {
							"vector": [24.97911, -1.05627, -0.23397]
						},
						"0.25": {
							"vector": [12.5, 0, -2.5]
						},
						"0.5": {
							"vector": [-35, 0, -2.5]
						},
						"0.625": {
							"vector": [-11.23957, 0.48758, -0.04798]
						},
						"0.75": {
							"vector": [12.5, 0, -2.5]
						},
						"0.875": {
							"vector": [24.91643, 2.11089, -7.03359]
						},
						"1.0": {
							"vector": [37.5, 0, -2.5]
						}
					}
				}
			}
		},
		"animation.shattered.attack": {
			"animation_length": 1,
			"bones": {
				"Body": {
					"rotation": {
						"0.0": {
							"vector": [-4.99527, 0.21782, 2.4905]
						},
						"0.1667": {
							"vector": [-14.99527, 0.21782, 2.4905]
						},
						"0.4167": {
							"vector": [12.50473, 0.21782, 2.4905]
						},
						"1.0": {
							"vector": [-4.99527, 0.21782, 2.4905]
						}
					}
				},
				"Head": {
					"rotation": {
						"0.0": {
							"vector": [9.96271, -0.86717, 4.92442]
						},
						"0.1667": {
							"vector": [-7.53729, -0.86717, 4.92442]
						},
						"0.4167": {
							"vector": [-2.53729, -0.86717, 4.92442]
						},
						"0.625": {
							"vector": [19.427, -0.86717, 4.92442]
						},
						"1.0": {
							"vector": [9.96271, -0.86717, 4.92442]
						}
					}
				},
				"RightArm": {
					"rotation": {
						"0.0": {
							"vector": [5, 0, 0]
						},
						"0.1667": {
							"vector": [24.66569, -4.20854, 9.07947]
						},
						"0.25": {
							"vector": [13.46855, -6.95989, 27.21897]
						},
						"0.4167": {
							"vector": [-55.91372, -5.09731, 31.44295]
						},
						"0.5833": {
							"vector": [-77.9537, -44.74679, 4.31595]
						},
						"1.0": {
							"vector": [5, 0, 0]
						}
					}
				},
				"LeftArm": {
					"rotation": {
						"0.0": {
							"vector": [4.99527, 0.21782, -2.4905]
						},
						"0.1667": {
							"vector": [19.67939, 3.61898, -11.90101]
						},
						"0.25": {
							"vector": [16.55439, 3.61898, -11.90101]
						},
						"0.4167": {
							"vector": [-35.32061, 3.61898, -11.90101]
						},
						"0.5833": {
							"vector": [-12.82061, 3.61898, -11.90101]
						},
						"1.0": {
							"vector": [4.99527, 0.21782, -2.4905]
						}
					}
				},
				"RightLeg": {
					"rotation": {
						"0.0": {
							"vector": [2.5, 0, 2.5]
						},
						"1.0": {
							"vector": [2.5, 0, 2.5]
						}
					},
					"position": {
						"0.0": {
							"vector": [0, 0, 0]
						},
						"1.0": {
							"vector": [0, 0, 0]
						}
					}
				},
				"LeftLeg": {
					"rotation": {
						"0.0": {
							"vector": [-2.5, 0, -2.5]
						},
						"1.0": {
							"vector": [-2.5, 0, -2.5]
						}
					}
				}
			}
		}
	},
	"geckolib_format_version": 2
}